{
    "Properties": {
        "Emitter_Properties": {
            "EmitPosOffset": [
                2.5,
                0.0,
                3.0
            ],
            "ParticleNumber": 5000,
            "EmitterPosition": [
                0.0,
                0.0,
                0.0
            ]
        },
        "Particle_Properties": {
            "lifetime": 1.0,
            "size": 1.0,
            "velocity": [
                0.0,
                0.0,
                0.0
            ],
            "velocityvariation": [
                1.0,
                1.0,
                1.0
            ],
            "startColor": [
                1.0,
                0.9509803652763367,
                0.009323365055024624,
                0.009323365055024624
            ],
            "endColor": [
                1.0,
                0.5623832941055298,
                0.9019607901573181,
                0.07516337931156158
            ]
        }
    }
}